Date,pct_st_vol_expansion_20gt60
2025-12-31,43.92712550607287
2026-01-01,43.31983805668016
2026-01-02,46.558704453441294
2026-01-05,47.57085020242915
2026-01-06,41.29554655870445
2026-01-07,42.10526315789473
2026-01-08,43.92712550607287
2026-01-09,46.558704453441294
2026-01-12,46.35627530364373
2026-01-13,47.368421052631575
2026-01-14,47.57085020242915
2026-01-15,47.86516853932584
2026-01-16,50.337078651685395
2026-01-19,48.08988764044943
2026-01-20,51.460674157303366
2026-01-21,53.70786516853933
2026-01-22,57.30337078651685
2026-01-23,62.022471910112365
2026-01-27,65.1685393258427
2026-01-28,71.46067415730337
2026-01-29,71.91011235955057
2026-01-30,75.50561797752809
2026-02-02,78.20224719101122
2026-02-03,84.26966292134831
2026-02-04,86.51685393258427
2026-02-05,86.51685393258427
2026-02-06,85.1685393258427
2026-02-09,87.41573033707866
2026-02-10,86.06741573033709
2026-02-11,86.74157303370787
2026-02-12,87.19101123595505
2026-02-13,89.43820224719101
2026-02-16,87.41573033707866
2026-02-17,86.29213483146067
2026-02-18,82.92134831460675
2026-02-19,83.37078651685394
2026-02-20,81.12359550561797
2026-02-23,76.17977528089888
2026-02-24,74.6067415730337
2026-02-25,67.86516853932584
2026-02-26,64.49438202247191
2026-02-27,61.348314606741575
2026-03-02,57.078651685393254
2026-03-04,48.764044943820224
2026-03-05,49.43820224719101
2026-03-06,48.98876404494382
2026-03-09,52.359550561797754
2026-03-10,49.8876404494382
2026-03-11,48.53932584269663
2026-03-12,48.31460674157304
2026-03-13,51.23595505617977
2026-03-16,50.337078651685395
2026-03-17,51.68539325842697
2026-03-18,56.62921348314607
2026-03-19,61.12359550561798
2026-03-20,61.12359550561798
2026-03-23,67.19101123595506
2026-03-24,70.78651685393258
2026-03-25,73.48314606741573
2026-03-27,75.0561797752809
2026-03-30,76.17977528089888
2026-04-01,81.57303370786518
2026-04-02,81.79775280898876
2026-04-06,79.7752808988764
2026-04-07,78.42696629213484
2026-04-08,83.59550561797752
2026-04-09,82.02247191011236
2026-04-10,82.24719101123596
2026-04-13,81.57303370786518
2026-04-15,82.47191011235955
2026-04-16,77.75280898876404
2026-04-17,74.8314606741573
2026-04-20,75.30364372469636
2026-04-21,75.30364372469636
2026-04-22,68.0161943319838
2026-04-23,66.59919028340082
2026-04-24,54.655870445344135
2026-04-27,53.441295546558706
2026-04-28,51.012145748987855
2026-04-29,44.73684210526316
2026-04-30,33.80566801619433
2026-05-01,26.31578947368421
2026-05-04,28.50877192982456
2026-05-05,29.82456140350877
2026-05-06,32.45614035087719
2026-05-07,19.956140350877195
2026-05-08,21.271929824561404
2026-05-11,25.877192982456144
2026-05-12,29.605263157894733
2026-05-13,26.096491228070175
2026-05-14,25.657894736842106
2026-05-15,25.438596491228072
2026-05-18,26.096491228070175
2026-05-19,25.877192982456144
2026-05-20,24.780701754385966
2026-05-21,23.903508771929825
2026-05-22,23.24561403508772
2026-05-25,21.271929824561404
2026-05-26,21.710526315789476
2026-05-27,23.684210526315788
2026-05-28,21.052631578947366
2026-05-29,23.684210526315788
2026-06-01,24.12280701754386
2026-06-02,26.31578947368421
2026-06-03,23.903508771929825
2026-06-04,23.903508771929825
2026-06-05,22.807017543859647
2026-06-08,20.833333333333336
2026-06-09,18.640350877192983
2026-06-10,19.298245614035086
2026-06-11,17.982456140350877
2026-06-12,19.078947368421055
2026-06-15,19.517543859649123
2026-06-16,20.394736842105264
2026-06-17,22.149122807017545
2026-06-18,24.12280701754386
2026-06-19,29.82456140350877
2026-06-22,28.50877192982456
2026-06-23,30.263157894736842
2026-06-24,28.289473684210524
2026-06-25,34.64912280701755
2026-06-26,33.55263157894737
2026-06-29,32.45614035087719
2026-06-30,32.23684210526316
2026-07-01,32.23684210526316
2026-07-02,40.35087719298245
2026-07-03,41.228070175438596
2026-07-06,36.84210526315789
2026-07-07,36.622807017543856
2026-07-08,43.42105263157895
2026-07-09,41.885964912280706
2026-07-10,36.40350877192983
2026-07-13,30.92105263157895
2026-07-14,32.67543859649123
2026-07-15,31.140350877192986
2026-07-16,32.45614035087719
2026-07-17,32.23684210526316
2026-07-20,33.55263157894737
2026-07-21,32.89473684210527
2026-07-22,33.33333333333333
2026-07-23,33.99122807017544
2026-07-24,36.622807017543856
2026-07-27,34.21052631578947
2026-07-28,35.22267206477733
2026-07-29,35.4251012145749
2026-07-30,35.82995951417004
2026-07-31,35.22267206477733
2026-08-03,41.497975708502025
2026-08-04,45.1417004048583
2026-08-05,40.89068825910931
2026-08-06,38.663967611336034
2026-08-07,36.84210526315789
2026-08-10,37.85425101214575
2026-08-11,37.449392712550605
2026-08-12,37.85425101214575
2026-08-13,39.068825910931174
2026-08-14,38.46153846153847
2026-08-17,39.67611336032389
2026-08-18,40.2834008097166
2026-08-19,38.8663967611336
2026-08-20,36.43724696356275
2026-08-21,40.48582995951417
2026-08-24,36.84210526315789
2026-08-25,35.22267206477733
2026-08-26,33.80566801619433
2026-08-27,32.99595141700405
2026-08-28,30.5668016194332
2026-08-31,28.34008097165992
2026-09-01,29.352226720647774
2026-09-02,29.959514170040485
2026-09-03,29.1497975708502
2026-09-04,31.57894736842105
2026-09-07,31.983805668016196
2026-09-08,30.364372469635626
2026-09-09,28.542510121457486
2026-09-10,29.75708502024291
2026-09-11,30.16194331983806
2026-09-14,27.23404255319149
2026-09-15,32.76595744680851
2026-09-16,32.5531914893617
2026-09-17,34.46808510638298
2026-09-18,38.51063829787234
2026-09-21,41.48936170212766
2026-09-22,41.06382978723404
2026-09-23,42.5531914893617
2026-09-24,43.829787234042556
2026-09-25,44.46808510638298
2026-09-28,42.340425531914896
2026-09-29,41.06382978723404
2026-09-30,44.8936170212766
2026-10-01,46.59574468085106
